id,uuid,first_name,last_name,email,phone,city,created_at
1,5f160663-7170-4846-9b59-4eb6041c753e,Troy,Keller,kyle17@graham.com,516.196.3584x70711,Stevenstad,1/30/2025 8:50
2,3f1aae75-c1c8-42f6-8904-80bbe967efb0,Laura,Griffin,elizabethpadilla@taylor.com,7806441625,Salazarbury,6/21/2025 2:53
3,bd13159e-702c-4c3a-ae08-0e75f8b2b40d,Lee,Lee,jacqueline09@smith.com,(567)808-0354x542,Phillipberg,7/22/2025 4:04
4,339b4e0a-461c-4f38-a989-7e33ed0f0dc7,Patricia,Rodriguez,pagejustin@mccarthy-dixon.org,001-220-592-7227x74354,Port Rebecca,9/24/2025 8:03
5,5cf64f22-7c8b-4adb-98c9-b4527f845ca3,Sabrina,Hernandez,deborahsanchez@buck-caldwell.biz,462-592-0356,Greenland,4/17/2025 23:52
6,c9f573a6-2224-4702-84da-cf142ed512c7,Samantha,Blankenship,judithsmith@smith.com,806.189.2448x012,Bellbury,11/6/2025 18:03
7,70d1025f-d27b-4cfb-a167-cf13f5e82a10,Brittany,Colon,kimsamuel@stark.com,(409)148-7800x09082,Port Coryton,1/20/2025 16:23
8,6e5472d7-cefe-42e7-9327-3ac8d25caf30,Kimberly,Norton,rodriguezmichael@chapman-simmons.com,(501)899-5419x561,South Harrystad,1/1/2025 20:36
9,693026aa-7ec0-498e-a42e-e4790e49d0c2,Christina,Martinez,stevengonzalez@gmail.com,+1-427-746-6459x002,West Brentmouth,3/26/2025 8:28
10,cf4a3652-1c5a-4eed-98af-4237d15e44bc,Gregory,Williams,weaverrichard@mathews.com,(320)729-2366x53273,East Michael,11/6/2025 22:15
11,4e749fd7-ef78-4e28-8bf6-7bfe08a295f5,Kristine,Poole,masonjeffrey@gmail.com,932-422-8774x90064,Port Jeffreymouth,4/19/2025 18:47
12,9eee66bb-8a20-4bbc-a6d2-da0b0cc226ff,Jeremiah,Hester,cisnerosmadison@yahoo.com,(283)203-2199x287,South Kyle,10/23/2025 11:35
13,72e0747a-7760-40fd-b6c3-af53478d7226,Linda,Green,juliemartin@gmail.com,683.688.1887x5272,New Lisa,5/29/2025 21:07
14,57a182de-53b7-440a-8ba1-5f1c32148a4d,Thomas,Fernandez,kathrynpena@vance.biz,(346)077-0662x971,North Adrianshire,5/26/2025 21:55
15,8ef3e18c-7931-43f3-a014-816090c5fad0,Steven,Schroeder,stephanietorres@yahoo.com,+1-268-019-1437x739,East Glen,5/21/2025 20:45
16,b0968d99-8360-4b21-ac76-d228d896bca7,Michael,Davis,kparker@murray.net,001-735-279-9213,Pennybury,1/31/2025 6:45
17,f0ad6f52-bdf8-4b57-9177-3aed8f22bac5,Stephen,Maddox,bryantkathy@olson.biz,454-617-4164,Rhodesshire,2/23/2025 11:34
18,8f29a07d-17a5-4fc8-a4da-0d34e10d3608,Stephanie,Burke,gilesdavid@gmail.com,+1-175-934-7881x2283,Dawnshire,4/10/2025 7:40
19,b88b71cc-596b-4808-b5c1-93a33611065e,Jeffrey,Dalton,donald79@gmail.com,(900)328-5400x6149,Jayshire,5/30/2025 12:58
20,f7a83190-e6a4-492e-b6f4-700cfd6ac557,Dana,Bell,briannadiaz@hotmail.com,392.344.2360x533,New Joshuafurt,6/5/2025 21:58
21,46ff282e-44ce-4b37-b4fa-fa70673366c0,Beth,Gutierrez,barbarabrown@gmail.com,248.745.9130x16980,Chandlerbury,2/7/2025 15:38
22,274115c2-f668-4beb-a502-8e86502d7630,Glen,Curry,fgray@gmail.com,+1-253-668-3219x925,Margarettown,2/10/2025 12:42
23,f0c42929-5b1a-4813-9d66-c280571da010,Shawna,Johnson,cookeric@hotmail.com,162.720.5666x974,Makaylaberg,12/14/2025 9:48
24,7f6007ec-0516-4fc9-9383-524d9577d846,Kelly,Miller,gonzalezsara@flores-butler.org,843.180.5358x345,West Kyle,8/23/2025 19:13
25,ca3765a2-28b3-4842-8bcf-9e4d4d151077,Brittany,Mccann,werickson@calhoun.net,924-309-3227x5892,Fletcherland,9/28/2025 13:48
26,b6b3c4ff-2c29-404f-b73b-4fc93946294f,Amber,Huffman,natasha84@jordan.com,237.958.7566x5329,Meganland,10/25/2025 8:00
27,fcecf708-e78d-4acf-9ccb-bb812f555946,Anthony,Larson,lucaselizabeth@yahoo.com,(669)015-1464x277,Port Williamton,3/6/2025 4:58
28,74ce2d5e-8934-4079-b388-bfe94d834512,Jason,Griffin,shannonstanley@gillespie-mitchell.com,+1-687-077-5569x173,Port Loritown,11/23/2025 3:36
29,9e26dbf7-41ae-4cb1-94c2-3651ea3e43d6,Curtis,Gibson,meghan03@yahoo.com,593-098-5991x47486,Lauraport,4/27/2025 6:09
30,2c16771a-4f07-46bc-ab8c-685f2c9f821c,Lisa,Garner,ylambert@hotmail.com,804-261-4347,Howeport,5/22/2025 12:16
31,6da8f88f-7ba3-4a41-9687-7562aa70cee3,Lauren,Sims,jade51@hotmail.com,001-559-634-0624x8461,Elizabethberg,9/24/2025 12:46
32,082907ac-8bc3-4329-9e9f-e4e26c289928,Daniel,Christian,laura46@yahoo.com,380-773-3490x9507,Curtisport,5/23/2025 12:15
33,d667fc06-2332-49d9-b492-997b997388d7,Kelly,Howard,denisejohnson@yahoo.com,227.981.9476,Katrinabury,4/2/2025 6:41
34,07b0b6c8-fb8e-4d48-9928-dd7546047cfc,Joseph,Gibbs,daviddavis@yahoo.com,001-900-346-8214x8185,Marychester,11/25/2025 3:30
35,469dcc54-35ab-4f08-bbdb-f7e61937e3fb,Melody,Mendoza,brandonmendoza@gmail.com,-10345,Sharonchester,11/13/2025 15:24
36,13e568f7-2ac5-471d-ab86-b79b825c27c5,Devon,Hammond,ibutler@gmail.com,173-854-3856,Timothymouth,1/15/2025 14:27
37,f28e3ffb-f8cd-44b2-ae81-465ccea5d533,Erika,Martin,brandonjackson@dougherty.net,576-023-2505,Christophermouth,7/30/2025 11:49
38,26c2e8a8-5b6f-4e75-be0f-9961b5174598,William,Campos,aweber@yahoo.com,2781819561,Alexanderville,5/18/2025 2:47
39,89ecc67c-cb92-44cb-ad29-a8e7663c6cbc,Bryan,Davidson,jack44@hotmail.com,(996)109-8493,Lanceland,2/17/2025 14:12
40,2184f477-85e7-4e38-ad5e-374e784f9ada,Lydia,Clarke,banderson@hotmail.com,280-320-2413x62646,Port Teresa,9/10/2025 0:42
41,6b2691b6-10c4-4d99-8ca8-89fb8a810a96,Daniel,Morales,hamiltonjacob@gmail.com,001-433-121-4951x37524,Johnfort,10/1/2025 6:41
42,281e0c23-6b36-43fb-be1c-8a27d161a9db,Dustin,Hernandez,hwood@davis.com,+1-293-759-3780x70838,Michaelview,11/7/2025 1:00
43,4bd007e5-95e4-4481-92f9-2c8fc2c16240,Nicholas,Solomon,jennifer54@yahoo.com,001-043-884-6592x15548,East Kimberlyside,4/25/2025 7:43
44,8e41e2b6-702a-4d8a-9e86-1233b2f5466e,Alexis,Powers,jamessheppard@gmail.com,741.778.7069,Navarroville,11/22/2025 19:38
45,55435e5a-2b62-4362-ace0-a16498a20a7d,Abigail,Morales,jbaker@gmail.com,-7610,Dianaberg,11/3/2025 7:05
46,ae0a4cf4-0e19-4a44-9f27-a50834484ea4,Monica,Thomas,kwalsh@hotmail.com,+1-230-653-6325x87877,East Richard,6/11/2025 19:20
47,c5ed2191-f03f-4b5a-9d6e-d5176ed51218,Jeffrey,Brown,ryandavis@gmail.com,+1-754-014-1986x716,Blackmouth,1/31/2025 9:40
48,e7a2385b-bc8f-437e-acd1-38ee8ea1f9bf,Brianna,Hayden,derek47@lutz.com,157.158.3026,South Melindafort,4/20/2025 4:21
49,4469d085-e332-42c6-8102-73d0cecb818f,Jacqueline,Carrillo,bgarcia@hotmail.com,664.871.0023x95834,Amymouth,9/7/2025 13:11
50,08e22a40-c062-47fe-a986-66a0d661f213,Sherri,Johnson,smithmichael@mays.com,158-442-0532,Alexland,2/5/2025 5:00
51,286610e7-2eaf-42d9-8a4b-1924c0e8e4e9,Willie,Soto,william73@hotmail.com,(087)542-3604,Paulburgh,12/16/2025 0:16
52,ab6da2d7-7c84-44c9-b84e-4a366d750a00,Kaylee,Richards,vargasleslie@yahoo.com,(184)962-4345,New Ashleyberg,8/11/2025 13:03
53,9d0b82ee-4b2c-4a5c-95e1-23fbd7e1fa9e,Roger,Nelson,ryan89@wilkerson.info,006-377-3276,East Jenniferview,9/19/2025 15:20
54,5a9e3758-8e18-4af1-ac3f-3fa012842cff,Latoya,Holmes,vwise@yahoo.com,(267)100-6810x493,Lake Johnathan,8/25/2025 3:03
55,daca859b-8dc2-44a7-ac3d-46936cc0a4f6,Nicholas,Garza,beckjonathan@hotmail.com,+1-078-953-4239x05190,West Brandon,1/14/2025 9:59
56,963b43a5-c673-4d3f-a7d5-d86c683a09b9,Tiffany,Lambert,matthew05@hotmail.com,-8297,Chasetown,12/17/2025 20:24
57,cd22b325-4620-4b94-b47e-89e25f5e64bd,Allison,Ho,krystalburke@barrett.com,001-213-526-7722x164,Port Tiffanymouth,12/5/2025 2:17
58,87a50031-fe24-4092-b2e3-95062e317d94,Justin,Singleton,mario53@hall-hanson.com,(788)702-6456x6226,North Robertside,7/26/2025 7:12
59,4b91c6d9-2b32-4163-b018-02b466e0c74f,Julie,Hess,ashleyroberts@yahoo.com,(411)373-4289,West Juliemouth,8/4/2025 15:45
60,f31cc7e0-7e19-4591-b9f2-6e52c966b087,Amy,Jones,dmason@weaver-murphy.com,+1-485-654-0063x2765,Lake Joshuaview,6/6/2025 23:51
61,670e3845-8236-4637-ae37-2317a87a8ce5,Sherri,George,richardwhitney@hotmail.com,8291821277,Erinmouth,4/25/2025 11:52
62,f3d7ee83-0272-44ee-b435-4d695c59f5c0,Brittany,Haney,fullermichael@gmail.com,001-951-283-0948x178,East Michaelfurt,11/11/2025 0:07
63,446858ab-4a86-42d4-b18e-1669f097806c,Mary,Robinson,vlawrence@gonzalez.net,(158)478-1630,Jacquelineport,1/21/2025 5:51
64,6996cc18-6fdb-4477-bde2-857157bea11b,Kimberly,King,robert07@burke.net,001-882-484-6273,Tuckerchester,9/1/2025 18:56
65,fe9c44c4-8af5-42ee-9dac-523260f2f321,Kara,Crosby,susan14@washington.com,001-232-202-6057x7632,Lake Taylorton,3/4/2025 13:02
66,66058d1c-62fa-47dd-95a3-68f892df978c,Alexandra,Hill,obryant@webster.com,001-935-385-4291x77291,Jaredbury,4/22/2025 8:01
67,b170e5af-984c-40be-9187-a157831e6870,Justin,Blanchard,jason01@hoover-brown.biz,324.466.7833x5579,Lisaside,3/2/2025 15:08
68,3d5a14f7-a7d7-4afe-a5bb-dae0d54cf3fc,Joshua,Schwartz,cabreracaitlin@allen.org,(738)399-9268x692,Port Noah,1/10/2025 14:38
69,bfd70139-821b-4ff1-9bd0-302dfa50d4f3,James,Black,lynngiles@hotmail.com,024.532.6200x3403,New Marychester,5/19/2025 16:25
70,bf93d9f7-b364-4117-bdd6-fdee86be1e6f,Robert,Hernandez,hannahjohnson@wright.com,(580)672-2666x0481,Lake Aaron,8/2/2025 10:23
71,845fd095-b71a-43f2-a2d4-0121de04959b,Cynthia,Andrews,kmoore@yahoo.com,(647)695-2620,South Anthony,2/20/2025 0:54
72,aaf876a8-d2ea-442c-b8eb-15cc9d9ffe4d,David,Smith,johnsonalex@gmail.com,001-285-195-4075x27761,East Shanebury,11/1/2025 2:52
73,9011a544-57f0-41ce-b903-383b1e7481fd,Angela,Garcia,brittney86@gmail.com,528-735-9146x29216,New Nicolehaven,2/26/2025 8:02
74,ab57b529-b71a-4ac8-b307-026a8695a85e,Bryce,Gardner,erica94@flores-stafford.net,001-557-986-7322,Vaughnmouth,8/10/2025 4:56
75,5b9433fc-7951-4d81-9825-f982d15e587f,Emily,Ramirez,ocastro@vega.biz,780-857-6084,East Debra,5/25/2025 1:33
76,8dec894a-fb13-41c5-84c9-1ae1184a388e,Amber,Robertson,jonesmatthew@gmail.com,500.127.0595x41445,Scottmouth,9/15/2025 12:53
77,f313f733-1909-4958-a8f7-ff79d9f1989e,Nicole,Adams,william25@knox.net,(024)570-5336x8498,Christopherview,10/22/2025 4:50
78,51ca8ffc-781d-4c54-a0db-eba7bbe0d585,Tina,Edwards,james64@yahoo.com,001-321-037-1014x7921,West Valerie,5/1/2025 21:21
79,3a405d11-7062-4b44-942f-e75093bcc99a,Christine,Simpson,vjenkins@yahoo.com,001-099-138-0419x5769,Jacksonview,9/10/2025 11:46
80,cf3829be-d15b-4401-bd92-b97aedef5f72,Tony,Taylor,alvarezjohn@evans.com,001-650-526-2485x6901,North Alexandra,4/18/2025 9:08
81,9cc186dc-518d-4a67-bf6f-87ccd4934677,Barbara,Harris,deborahchen@gay.org,398.511.5856,Mortonshire,9/15/2025 21:08
82,36ac2004-2655-43c8-96f3-85b80e0c22c9,Rebecca,Walker,jennifer89@gmail.com,(751)192-2507x4561,North Roger,2/9/2025 13:49
83,929c6f37-8788-4f3d-8f10-ef994907a86d,William,Small,haydendeborah@gmail.com,001-701-555-9526x09948,Avilaport,8/5/2025 7:37
84,23026dd2-98a0-4eca-b6c8-193a2efc84b5,Marcus,Mcbride,sandra63@le.com,6030999321,Brandonside,3/20/2025 2:06
85,6dcfe575-3ce8-40a0-9fa5-f86fbf6ee77d,Jeffrey,Sutton,amycastillo@hotmail.com,141-798-6251x4418,Petersenchester,10/20/2025 0:34
86,986a5043-477c-45e9-aa02-ef2b75ebbffa,Stephen,Villanueva,robert02@bailey-willis.biz,001-167-701-3418x950,West Markburgh,7/21/2025 14:19
87,b9141bc7-15eb-48b6-a361-b7e6ca5c23e3,Rebecca,Zimmerman,joshua48@hotmail.com,8815619075,Port Stacy,10/14/2025 14:42
88,951416ed-ef1b-4f1f-82d5-2303a1ab898c,Maria,Hart,thomasgallagher@yahoo.com,(795)129-3682,West David,6/3/2025 3:26
89,ebce35ba-de7b-4ab3-a44f-d93dbbc9f720,Elizabeth,Bates,michael59@yahoo.com,(650)913-6420x894,Millerview,10/10/2025 0:57
90,2af03dae-a296-4177-a801-56a930831fdf,Virginia,Barry,glassjoan@austin.com,(400)353-4150x2441,Huffside,11/12/2025 21:52
91,83c70e19-5eaf-42f9-aa7c-1a14e074eb3a,Bradley,Murphy,gweeks@davidson-bender.biz,001-412-622-6113,North Cynthiachester,7/7/2025 20:41
92,43d9867f-d97d-498b-9db4-ba554d137f2e,Tara,Edwards,harmonjessica@gregory.info,300.430.7970x14146,Lindseytown,1/23/2025 3:58
93,1a08c8bb-8635-4d58-86fb-fa3f70f14ff3,Theresa,Murphy,gwilkins@cross-jones.com,001-056-691-3721x0966,Alvinchester,8/29/2025 5:12
94,aa290157-421e-4572-83c6-b2f30f8b9434,Kathy,Smith,ihunt@browning.org,(619)424-4704x748,North Katherine,5/24/2025 13:45
95,93bb235b-df06-4c6c-ac24-20de8cd25808,Wayne,Valencia,nathan83@yahoo.com,284-003-5679x312,Lake Dean,8/18/2025 17:24
96,f85dfb4d-d040-4add-9d00-12aa818644c5,Matthew,Bailey,garrettdaniel@yahoo.com,466.890.8612x135,Greenton,8/2/2025 20:17
97,6dbe7e11-ad67-4a3d-b8c4-51e3ffd7d77e,Benjamin,Smith,mray@yahoo.com,656-873-4692x2403,South Jamesbury,2/26/2025 12:48
98,531ce57b-8ed5-48a2-b172-61b4105d91c9,Pamela,Miranda,amandacox@pollard.com,641.329.5125,Pruittland,9/19/2025 16:21
99,e4f95d67-2e7c-4ec6-b888-56ecb51b5eeb,Tyler,Collier,samuel49@yahoo.com,5318262794,West Samanthaton,4/15/2025 23:34
100,cdee4777-934c-49cc-8d3a-24f5a4f1115d,Ashley,Wilson,jjohnson@gmail.com,+1-363-732-6382x1107,West Isabel,1/6/2025 5:44
